review,sentiment
"I absolutely love this product! It works perfectly and has saved me so much time.",Positive
"The user interface is beautiful and extremely fast to load.",Positive
"Excellent quality and highly recommended to everyone.",Positive
"This is the best service I have used all year. Wonderful experience.",Positive
"Fantastic features and great support team. Brilliant work!",Positive
"I am very happy with this purchase. Outstanding service.",Positive
"Superb application, runs very smoothly and is easy to use.",Positive
"Amazing software! It is simple, clean, and incredible.",Positive
"Fast delivery and impressive performance. Totally pleased.",Positive
"I highly recommend this service. Great value for money.",Positive
"Worst purchase ever. The application keeps crashing constantly.",Negative
"This is terrible and useless. I waste my money completely.",Negative
"Awful customer support. They refused to refund my money.",Negative
"Horrible experience! Slow loading speed and defective components.",Negative
"The product is broken and arrived damaged. Very disappointed.",Negative
"Poor quality, misleading description, and fake claims.",Negative
"I hate this app. It is overpriced and has errors everywhere.",Negative
"Cheap material, fails to work, and scam alerts.",Negative
"Never again will I buy from them. Useless customer service.",Negative
"Slow, laggy, and disappointing performance. Avoid it.",Negative
"It is okay but could be much better. Moderate features.",Neutral
"Average performance. It is alright, not bad for the price.",Neutral
"The service is ok. Basic functionalities are fine.",Neutral
"Decent quality, but has a few minor bugs.",Neutral
"Moderate rating. Standard interface, nothing special.",Neutral
"Alright service. Some parts are good, some are mediocre.",Neutral
"Neutral feedback. The app is fine, normal loading speed.",Neutral
"It is decent. Balanced features, but fair pricing.",Neutral
"Standard product. Works fine but is very basic.",Neutral
"It is acceptable. Neither great nor bad. Medium experience.",Neutral
